Specific	diversity.Diversity_matrix..index....shannon..	Freq
Bark	4.06864900482045	148
Duff	3.5777347251775	23
Fruit	3.70109392234035	46
Fungus	3.46905848687886	41
Leaves	3.78828750761012	67
Moss	3.01645399908649	16
Needles	2.61563057702755	7
Nut	2.55208529762097	6
Pine Cone	2.87147611805487	7
Plant Matter	3.58511918917594	21
Sand	2.97284571167212	17
Soil	3.99220710201667	258
Soil/Plant Matter	2.27186851269656	7
Twigs	2.61563057702755	7
Wood	2.59930192709979	7
