diversity.Pezizo_div_matrix..index....shannon..	IsoTemp
1.43068533608729	10
1.83437197028162	22
1.26362567212373	30
1.09861228866811	4
