diversity.Saccharo_div_matrix..index....shannon..	IsoTemp
3.72798513905156	10
3.96162619832641	22
3.82374386703272	30
1.35178399428965	4
