IsoTemp	diversity.Diversity_matrix..index....shannon..	Freq
10	4.05677112893894	465
22	4.30103706180415	432
30	3.98372316785955	356
4	3.21314536580661	52
