diversity.Basidio_div_matrix..index....shannon..	IsoTemp
2.90185802855165	10
3.2200570769938	22
2.01403552370927	30
2.98376056515445	4
